{"loss": [0.06500074598524305, 0.10025588671366374, 0.11549153592851427, 0.2202509641647339, 0.06455669800440471, 0.04587646656566196, 0.03843348224957784, 0.011934351589944627, 0.0072863855295711094, 0.01018429547548294, 0.008043300774362352, 0.0038261314233144126, 0.0026317013220654596, 0.004070663203795751, 0.0022725212491220897, 0.002005212422874239, 0.001990220405989223, 0.0011294189219673474, 0.0014909103305803405, 0.0006491153294013606, 0.0005466112246116003, 0.0005902679016192754, 0.0004682390329738458, 0.0004466593058572875, 0.0004368966134885947], "mae": [0.06684916003444948, 0.0768759654573115, 0.08577952531862135, 0.11647028104026744, 0.06659805266704572, 0.05092168126306485, 0.05240267774974924, 0.02765828459539559, 0.02214040922366769, 0.027911444841636365, 0.022807638267342712, 0.015496515335953821, 0.012787987766490785, 0.016356591962317174, 0.012121670577340309, 0.011132055125278892, 0.01090110987458465, 0.007558962217001286, 0.010092914875891985, 0.004565072126085702, 0.0035466440008993143, 0.004276190943771057, 0.002647751138629253, 0.002362192918239395, 0.002080746184768272], "neg_mae": [-0.06684916003444948, -0.0768759654573115, -0.08577952531862135, -0.11647028104026744, -0.06659805266704572, -0.05092168126306485, -0.05240267774974924, -0.02765828459539559, -0.02214040922366769, -0.027911444841636365, -0.022807638267342712, -0.015496515335953821, -0.012787987766490785, -0.016356591962317174, -0.012121670577340309, -0.011132055125278892, -0.01090110987458465, -0.007558962217001286, -0.010092914875891985, -0.004565072126085702, -0.0035466440008993143, -0.004276190943771057, -0.002647751138629253, -0.002362192918239395, -0.002080746184768272]}