{"loss": [0.27008795738220215, 0.14021282725863987, 0.09600285689036052, 0.22462338871426052, 0.025555266274346247, 0.008796695205900405, 0.007500905129644606, 0.0015990097696582477, 0.0008867389212052027, 0.0007208541242612733], "mae": [0.11232878252856979, 0.10915912795495906, 0.08139936215284704, 0.10565742324485257, 0.04366293810209618, 0.02565462901650799, 0.02562701043859374, 0.009806509330365228, 0.006218332828494006, 0.005143950487274303], "neg_mae": [-0.11232878252856979, -0.10915912795495906, -0.08139936215284704, -0.10565742324485257, -0.04366293810209618, -0.02565462901650799, -0.02562701043859374, -0.009806509330365228, -0.006218332828494006, -0.005143950487274303]}