{"loss": [0.05084562301635742], "mae": [0.05273715467368338], "neg_mae": [-0.05273715467368338]}