{"loss": [0.1826858123143514, 0.1623093287150065, 0.50333305199941, 4.128769874572754, 0.21390575170516968, 0.18374508619308472, 0.295573612054189, 0.12349184354146321, 0.17008642355600992, 0.11529287695884705, 0.42370227972666424, 0.147090345621109, 0.11813149849573772, 0.16526536146799722, 0.10689048965771993, 0.063212717572848, 0.06469607353210449, 0.0663338452577591, 0.057407562931378685, 0.05958518385887146], "mae": [0.09738170658377236, 0.09457985263357237, 0.18584796542502593, 0.6794695279319889, 0.10991325094527128, 0.10466452945866715, 0.16337714885039478, 0.09298933952371313, 0.1203563734418027, 0.0808190777143939, 0.1917056175735727, 0.10901107944733804, 0.09001127330511396, 0.10042832110440762, 0.08158308154103563, 0.059214501227264266, 0.05824017743084076, 0.057910784457728015, 0.053779377859796154, 0.054278422814589763], "neg_mae": [-0.09738170658377236, -0.09457985263357237, -0.18584796542502593, -0.6794695279319889, -0.10991325094527128, -0.10466452945866715, -0.16337714885039478, -0.09298933952371313, -0.1203563734418027, -0.0808190777143939, -0.1917056175735727, -0.10901107944733804, -0.09001127330511396, -0.10042832110440762, -0.08158308154103563, -0.059214501227264266, -0.05824017743084076, -0.057910784457728015, -0.053779377859796154, -0.054278422814589763]}