{"loss": [0.16731651624043783, 0.16618767380714417, 0.26329565048217773, 0.6781022548675537, 0.18502386411031088, 0.24717833598454794, 0.1944937507311503, 0.1396395961443583, 0.09225122133890788, 0.13546387354532877, 0.3442726135253906], "mae": [0.10269525658490766, 0.09971091593874673, 0.11572944989765437, 0.2163044999741673, 0.09853900195118179, 0.11858206374972104, 0.10161250170640997, 0.10417364053600982, 0.07544011300653305, 0.08173136645538524, 0.15629992745996424], "neg_mae": [-0.10269525658490766, -0.09971091593874673, -0.11572944989765437, -0.2163044999741673, -0.09853900195118179, -0.11858206374972104, -0.10161250170640997, -0.10417364053600982, -0.07544011300653305, -0.08173136645538524, -0.15629992745996424]}